{
    "baseline_1682847377.6254213": {
        "config": {
            "input_name": "input",
            "interval_skip": 0,
            "noise_scalar": 1
        },
        "train_losses": [
            0.9993878296539609,
            0.8047227923479457,
            0.7631434141579321,
            0.7424223428055391,
            0.7308443777978757,
            0.7238428208787563,
            0.7181186369583432,
            0.7151565252050842,
            0.713112605493621,
            0.7108808804703297,
            0.7096001076496253,
            0.7085828808067882,
            0.7070810570891968,
            0.7064097282913445,
            0.7061801165510706,
            0.7051140140678923,
            0.7044517397880554,
            0.7042061913821657,
            0.704228976688816,
            0.7032044418787552,
            0.7025159715259143,
            0.7027314101572091,
            0.7020674879941563,
            0.7018231948216757
        ],
        "val_losses": [
            1.6243106524149578,
            0.6859042843182882,
            0.5696467993160089,
            0.5224078856408596,
            0.49410715450843173,
            0.48359290137887,
            0.47304165984193486,
            0.46309131508072215,
            0.45940140758951503,
            0.45516514281431836,
            0.4565400456388791,
            0.45075752834479016,
            0.4527820274233818,
            0.45265836268663406,
            0.44766926144560176,
            0.4494885702927907,
            0.4495682741204898,
            0.4492690290013949,
            0.45452505846818286,
            0.4525874505440394,
            0.4510961249470711,
            0.4515521042048931,
            0.4517754167318344,
            0.45078271503249806,
            0.4513469139734904
        ],
        "val_accs": [
            0.47054166666666664,
            0.9870000000000001,
            0.9932291666666666,
            0.9940208333333335,
            0.9947708333333334,
            0.9949374999999999,
            0.9946875,
            0.9949166666666667,
            0.9945625000000001,
            0.9938750000000001,
            0.9940000000000001,
            0.9942291666666666,
            0.9941458333333332,
            0.9938125000000001,
            0.9946041666666666,
            0.9938125000000001,
            0.9939583333333334,
            0.9937708333333335,
            0.9930625000000001,
            0.9933958333333334,
            0.9932916666666666,
            0.9932708333333333,
            0.9933541666666666,
            0.9935208333333333,
            0.9933333333333333
        ]
    },
    "baseline_1682847379.6139205": {
        "config": {
            "input_name": "input_std",
            "interval_skip": 0,
            "noise_scalar": 1
        },
        "train_losses": [
            1.0364206665653293,
            0.8085082547139313,
            0.7637476870569132,
            0.7427876345855368,
            0.731119379653769,
            0.7234424271826017,
            0.7189586748511104,
            0.7150628620621848,
            0.7129257333143956,
            0.7113709427037481,
            0.7102990898035341,
            0.7086005709265585,
            0.7069257352985231,
            0.7063298947730307,
            0.7056320725524493,
            0.7045904423220682,
            0.704660124529553,
            0.7038677605868733,
            0.7025078080468259,
            0.7020311006213312,
            0.7022408336232611,
            0.7023405653271971
        ],
        "val_losses": [
            1.666904514034589,
            0.707014429072539,
            0.5795508424441019,
            0.5254880872865518,
            0.4987882350881894,
            0.48192283138632774,
            0.474399180461963,
            0.4683584210773309,
            0.4611870360871156,
            0.45748664687077206,
            0.45523033166925114,
            0.4521699858208497,
            0.45028624435265857,
            0.4542756800850232,
            0.45545758803685504,
            0.4512120286623637,
            0.45369159430265427,
            0.455064316590627,
            0.4542827208836873,
            0.4519621829191844,
            0.45137226829926175,
            0.4519023895263672,
            0.4528893642127514
        ],
        "val_accs": [
            0.549125,
            0.9872083333333332,
            0.993125,
            0.9946250000000001,
            0.9946875000000001,
            0.9948333333333332,
            0.9950625000000001,
            0.9950000000000001,
            0.9949583333333333,
            0.9945833333333334,
            0.9943333333333334,
            0.9942083333333332,
            0.9939791666666667,
            0.9936666666666666,
            0.9935416666666667,
            0.9937708333333334,
            0.9940208333333334,
            0.9932708333333333,
            0.9930625000000001,
            0.9936875000000001,
            0.9937708333333334,
            0.9935,
            0.9935416666666667
        ]
    },
    "deciwatch_1682847379.6244745": {
        "config": {
            "input_name": "input",
            "interval_skip": 0,
            "noise_scalar": 1
        },
        "train_losses": [
            29.564302114443592,
            28.320672844762857,
            27.862731373242738,
            27.78387689186355,
            27.767966007782242,
            27.78137476700174,
            27.770881933007537,
            27.75539472412928,
            27.775378573412276,
            27.814872941054865,
            27.872365259181308
        ],
        "val_losses": [
            0.3011158766845862,
            0.5317122476796309,
            1.577628567814827,
            2.2558556298414865,
            2.4089321295420327,
            2.481658866008123,
            2.4626572529474893,
            2.4261394341786704,
            2.4396519462267556,
            2.4506931801637015,
            2.4442299902439117,
            2.452284425497055
        ],
        "val_accs": [
            0.9918958333333334,
            0.9894375000000002,
            0.9387500000000001,
            0.8368958333333333,
            0.8106666666666666,
            0.8029999999999999,
            0.8046250000000001,
            0.8083333333333332,
            0.8060416666666667,
            0.8067083333333334,
            0.8059166666666666,
            0.8058125
        ]
    },
    "deciwatch_1682847379.6371155": {
        "config": {
            "input_name": "input_std",
            "interval_skip": 0,
            "noise_scalar": 1
        },
        "train_losses": [
            29.632282752775204,
            28.092415335488184,
            27.82277041235886,
            27.801897746694962,
            27.78463083741355,
            27.78543049736885,
            27.791172490955073,
            27.81118381494856,
            27.764864534981506,
            27.948221804731983,
            27.836312974240148
        ],
        "val_losses": [
            0.3005846980959177,
            0.5632189450164636,
            2.754802236954371,
            2.673072765270869,
            2.747081240018209,
            2.5393594801425934,
            2.742926905552546,
            2.7906305293242135,
            2.7903005182743073,
            2.7905282775561013,
            2.7933884660402932,
            2.7744392355283103
        ],
        "val_accs": [
            0.991875,
            0.9888749999999998,
            0.7781041666666667,
            0.7847291666666667,
            0.7784166666666666,
            0.7980208333333333,
            0.7793125,
            0.7759583333333332,
            0.7744791666666666,
            0.7758333333333334,
            0.7740625,
            0.7759583333333334
        ]
    },
    "unipose2_1682951836.2717676": {
        "config": {
            "input_name": "input",
            "interval_skip": 0,
            "noise_scalar": 1
        },