{
    "baseline_1682847377.6254213": 
    {
        "config": 
        {
            "input_name": "input",
            "interval_skip": 0,
            "noise_scalar": 1
        },

        "train_losses": [0.86807974, 0.86775357, 0.8677577, 0.86776606, 0.86774792, 0.8677645, 0.86777761, 0.86774949, 0.8677564, 0.86774719, 0.86776376, 0.867742 , 0.86775985, 0.86332428, 0.86312075, 0.86309843, 0.86310189],
        "val_losses": [1.12380165, 0.68754533, 0.68839204, 0.69161274, 0.68899425, 0.6760167, 0.67778947, 0.6731959, 0.68220164, 0.68803745, 0.68266972, 0.67894083, 0.68511774, 0.68723152, 0.68408667, 0.68251587, 0.68357357, 0.68317157],
        "val_accs": [0.1200737, 0.95149744, 0.95583073, 0.95175261, 0.95377245, 0.95906008, 0.9570307, 0.96140884, 0.95491401, 0.95386085, 0.95659542, 0.96031148, 0.95444629, 0.95460403, 0.96557544, 0.96759239, 0.96570827, 0.96682826]
    },

    "baseline_1682847377.6995716": 
    {
        "config": 
        {
            "input_name": "input_std",
            "interval_skip": 1,
            "noise_scalar": 1
        },

        "train_losses": [0.52475713, 0.52456928, 0.52456569, 0.5245673, 0.52456907, 0.52456025, 0.52456782, 0.5245653, 0.52457014, 0.52269866, 0.52264909, 0.52264745, 0.52264716, 0.52264518, 0.5226457, 0.52264309, 0.52264332, 0.52264449, 0.5226432, 0.5226429, 0.52264503, 0.52264648, 0.52264401, 0.52247298, 0.52245685, 0.52245533, 0.52245548],
        "val_losses": [0.68573276, 0.43482393, 0.43629869, 0.4337852, 0.43835978, 0.43868457, 0.43911949, 0.43900343, 0.44009881, 0.43904467, 0.43124853, 0.43148416, 0.43169285, 0.43267809, 0.4312931, 0.43201909, 0.43031228, 0.43015019, 0.43102995, 0.43057928, 0.43145181, 0.43038217, 0.43074259, 0.43199296, 0.43085226, 0.43077103, 0.43068727, 0.4309901 ],
        "val_accs": [0.10575655, 0.9308758, 0.93097819, 0.93051665, 0.92997921, 0.93264893, 0.92957983, 0.92837844, 0.9308866, 0.92911582, 0.93152583, 0.93088179, 0.93081066, 0.92931254, 0.92949325, 0.92957305, 0.93048326, 0.93032007, 0.92980845, 0.93085655, 0.92976977, 0.93143236, 0.92937229, 0.92899331, 0.9296189, 0.93036732, 0.93036279, 0.93025808]
    },

    "baseline_1682847379.6139205": 
    {
        "config": 
        {
            "input_name": "input_std",
            "interval_skip": 0,
            "noise_scalar": 1
        },

        "train_losses": [0.85868321, 0.85839393, 0.85838189, 0.85837288, 0.85837485, 0.85835634, 0.85837335, 0.85836741, 0.85837092, 0.85835748, 0.85835358, 0.858362  , 0.85836941, 0.85836666, 0.85550965, 0.85543857, 0.85543975, 0.85543295, 0.85543451, 0.85543294, 0.85543355, 0.85543353, 0.85543459, 0.85540813, 0.85540551, 0.85540688, 0.85540676],
        "val_losses": [1.12299644, 0.73808008, 0.72766458, 0.73155348, 0.73186017, 0.73068148, 0.73488847, 0.73755728, 0.72426667, 0.72552473, 0.73240232, 0.72588975, 0.73811836, 0.73412188, 0.72843543, 0.72082558, 0.71965749, 0.71767163, 0.72102807, 0.72039912, 0.71800656, 0.72078846, 0.72013193, 0.71874635, 0.71874405, 0.71874649, 0.71874731, 0.71874842],
        "val_accs": [0.11639236, 0.93634729, 0.93581868, 0.93676112, 0.93576793, 0.93617117, 0.93498491, 0.93336779, 0.93979067, 0.93947786, 0.93670319, 0.93894315, 0.93523597, 0.93560237, 0.9347806 , 0.93828948, 0.93856102, 0.93949939, 0.93833206, 0.93848392, 0.9386552 , 0.93895421, 0.93819425, 0.93934035, 0.93935321, 0.93935498, 0.93935099, 0.9393305 ]
    },

    "deciwatch_1682847379.6244745": 
    {
        "config": 
        {
            "input_name": "input",
            "interval_skip": 0,
            "noise_scalar": 1
        },

        "train_losses": [8.8088611 , 8.79238195, 8.79246005, 8.79265738, 8.79214566, 8.79227117, 8.79205282, 8.79203507, 8.79198937, 8.79189757, 8.79126636, 8.79149356, 8.79133085, 8.79176341, 8.79132095, 8.79128194, 8.79125851, 8.79116049, 8.79175225, 8.79121806, 8.79112663],
        "val_losses": [5.83708658, 4.64437851, 4.64305618, 4.64232958, 4.64372504, 4.6443903 , 4.64295542, 4.64278334, 4.64268388, 4.6439738 , 4.64237319, 4.64187878, 4.64291353, 4.64291894, 4.64248051, 4.642239  , 4.64228385, 4.64211652, 4.64211823, 4.64224939, 4.64249735, 4.64346086],
        "val_accs": [0.76803831, 0.84028957, 0.84035308, 0.84038285, 0.84033217, 0.84032988, 0.84034002, 0.84037045, 0.84037603, 0.84035832, 0.84037991, 0.84038964, 0.84038533, 0.84036426, 0.84037646, 0.84037776, 0.84035582, 0.84037681, 0.84037019, 0.840387  , 0.84036859, 0.84035237]
    },

    "deciwatch_1682847379.6371155": 
    {
        "config": 
        {
            "input_name": "input_std",
            "interval_skip": 0,
            "noise_scalar": 1
        },

        "train_losses": [8.80974541, 8.79289   , 8.79220169, 8.79202648, 8.79220338, 8.79224491, 8.79228779, 8.79230591, 8.79134827, 8.79128549, 8.79124561, 8.79174164, 8.79123956, 8.79153154, 8.79134579, 8.79123988, 8.79144057, 8.79116995, 8.79116411, 8.79127276, 8.79119545],
        "val_losses": [6.72230836, 4.64563672, 4.64263634, 4.64242358, 4.64369727, 4.64317389, 4.64369918, 4.64387607, 4.64261051, 4.64242164, 4.64263223, 4.6420687 , 4.64270384, 4.64251938, 4.64282182, 4.64219427, 4.64222994, 4.64276111, 4.6422385 , 4.6426172 , 4.64220851, 4.642687  ],
        "val_accs": [0.67324551, 0.84028587, 0.84033686, 0.84038118, 0.84035936, 0.840334  , 0.84033198, 0.84036474, 0.84036433, 0.84036735, 0.8403644 , 0.84037895, 0.84036062, 0.84036776, 0.84037796, 0.84037769, 0.84037648, 0.84036101, 0.84035589, 0.84034681, 0.84036776, 0.84036682]
    },

    "deciwatch_1682847379.6069925":
    {
        "config": 
        {
            "input_name": "input_std",
            "interval_skip": 1,
            "noise_scalar": 1
        },

        "train_losses": [43.87382002, 43.80592847, 43.79194993, 43.77779995, 43.77186774, 43.76591076, 43.76124597, 43.75896524, 43.75218931, 43.74685644, 43.7386567 , 43.73490246, 43.72919023, 43.70336487, 43.69145118, 43.68107558, 43.67157309, 43.6602726 , 43.64997836, 43.64155102, 43.63540728, 43.63010198, 43.62489397, 43.61837855, 43.60724735, 43.60711281, 43.60855498, 43.60737219, 43.60803793, 43.60763697, 43.6073924 , 43.60771571, 43.60752615, 43.60719054, 43.60788144],
        "val_losses": [48.61840358, 40.73641444, 40.65784735, 40.64302731, 40.65011892, 40.63522543, 40.65269641, 40.64205398, 40.62224372, 40.62125804, 40.6089068 , 40.60316542, 40.59519855, 40.5775565 , 40.57334325, 40.5708667 , 40.55207585, 40.54347082, 40.53609595, 40.52864178, 40.52757096, 40.52815017, 40.52575866, 40.51630866, 40.51776165, 40.5145735 , 40.51846209, 40.52166305, 40.5161317 , 40.51505903, 40.5149476 , 40.51755284, 40.51562597, 40.51544334, 40.51534653, 40.5166979 ],
        "val_accs": [0.3287038 , 0.10489894, 0.10247497, 0.10231241, 0.10514116, 0.1021364 , 0.10077204, 0.10082579, 0.10179121, 0.10251474, 0.10241231, 0.10469523, 0.1015052 , 0.10148912, 0.10387754, 0.10538683, 0.10246314, 0.1024234 , 0.10496744, 0.10308679, 0.101746  , 0.10223448, 0.1050806 , 0.10195147, 0.1030716 , 0.10307138, 0.103056  , 0.10307628, 0.10306657, 0.10307375, 0.1030633 , 0.10305754, 0.10306366, 0.10306211, 0.10306025, 0.10306064]
    },

    "unipose_1682847556.594069":
    {
        "config": 
        {
            "input_name": "input",
            "interval_skip": 0,
            "noise_scalar": 1
        },

        "train_losses": [0.80146244, 0.78071084, 0.77364969, 0.76941987, 0.76639047, 0.76397912, 0.76196035, 0.76024275, 0.75871412, 0.75087351, 0.74975705, 0.74925932, 0.74886151],
        "val_losses": [0.97916019, 0.66308714, 0.6634162 , 0.65933306, 0.67232747, 0.66966965, 0.67708197, 0.66509848, 0.66585158, 0.66611546, 0.66596845, 0.67047087, 0.66768826, 0.67006621],
        "val_accs": [0.08001358, 0.92646494, 0.91570587, 0.91967543, 0.90480867, 0.90215579, 0.89906243, 0.90356775, 0.90250375, 0.90095153, 0.8976887 , 0.89357715, 0.89551533, 0.89288194]
    },

    "unipose_1682847556.595948": 
    {
        "config": 
        {
            "input_name": "input_std",
            "interval_skip": 0,